,image,fold
0,1,0
1,2,0
2,3,0
3,4,0
4,5,0
5,6,0
6,7,0
7,8,0
8,9,0
9,10,0
10,11,0
11,12,0
12,13,0
13,14,0
14,15,0
15,16,0
16,17,0
17,18,0
18,19,0
19,20,0
20,21,0
21,22,0
22,23,0
23,24,0
24,25,0
25,26,0
26,27,0
27,28,0
28,29,0
29,30,0
30,31,0
31,32,0
32,33,0
33,34,0
34,35,0
35,36,0
36,37,0
37,38,0
38,39,0
39,40,0
40,41,0
41,42,0
42,43,0
43,44,0
44,45,0
45,46,0
46,47,0
47,48,0
48,49,0
49,50,0
50,51,0
51,52,0
52,53,0
53,54,0
54,55,0
55,56,0
56,57,0
57,58,0
58,59,0
59,60,0
60,61,0
61,62,0
62,63,0
63,64,0
64,65,0
65,66,0
66,67,0
67,68,0
68,69,0
69,70,0
70,71,0
71,72,0
72,73,0
73,74,0
74,75,0
75,76,0
76,77,0
77,78,0
78,79,0
79,80,0
80,81,0
81,82,0
82,83,0
83,84,0
84,85,0
85,86,0
86,87,0
87,88,0
88,89,0
89,90,0
90,91,0
91,92,0
92,93,0
93,94,0
94,95,0
95,96,0
96,97,0
97,98,0
98,99,0
99,100,0
100,101,0
101,102,0
102,103,0
103,104,0
104,105,0
105,106,0
106,107,0
107,108,0
108,109,0
109,110,0
110,111,0
111,112,0
112,113,0
113,114,0
114,115,0
115,116,0
116,117,0
117,118,0
118,119,0
119,120,0
120,121,0
121,122,0
122,123,0
123,124,0
124,125,0
125,126,0
126,127,0
127,128,0
128,129,0
129,130,0
130,131,0
131,132,0
132,133,0
133,134,0
134,135,0
135,136,0
136,137,0
137,138,0
138,139,0
139,140,0
140,141,0
141,142,0
142,143,0
143,144,0
144,145,0
145,146,0
146,147,0
147,148,0
148,149,0
149,150,0
150,151,0
151,152,0
152,153,0
153,154,0
154,155,0
155,156,0
156,157,0
157,158,0
158,159,0
159,160,0
160,161,0
161,162,0
162,163,0
163,164,0
164,165,0
165,166,0
166,167,0
167,168,0
168,169,0
169,170,0
170,171,0
171,172,0
172,173,0
173,174,0
174,175,0
175,176,0
176,177,0
177,178,0
178,179,0
179,180,0
180,181,0
181,182,0
182,183,0
183,184,0
184,185,0
185,186,0
186,187,0
187,188,0
188,189,0
189,190,0
190,191,0
191,192,0
192,193,0
193,194,0
194,195,0
195,196,0
196,197,0
197,198,0
198,199,0
199,200,0
200,201,0
201,202,0
202,203,0
203,204,0
204,205,0
205,206,0
206,207,0
207,208,0
208,209,0
209,210,0
210,211,0
211,212,0
212,213,0
213,214,0
214,215,0
215,216,0
216,217,0
217,218,0
218,219,0
219,220,0
220,221,0
221,222,0
222,223,0
223,224,0
224,225,0
225,226,0
226,227,0
227,228,0
228,229,0
229,230,0
230,231,0
231,232,0
232,233,0
233,234,0
234,235,0
235,236,0
236,237,0
237,238,0
238,239,0
239,240,0
240,241,0
241,242,0
242,243,0
243,244,0
244,245,0
245,246,0
246,247,0
247,248,0
248,249,0
249,250,0
250,251,0
251,252,0
252,253,0
253,254,0
254,255,0
255,256,0
256,257,0
257,258,0
258,259,0
259,260,0
260,261,0
261,262,0
262,263,0
263,264,0
264,265,0
265,266,0
266,267,0
267,268,0
268,269,0
269,270,0
270,271,0
271,272,0
272,273,0
273,274,0
274,275,0
275,276,0
276,277,0
277,278,0
278,279,0
279,280,0
280,281,0
281,282,0
282,283,0
283,284,0
284,285,0
285,286,0
286,287,0
287,288,0
288,289,0
289,290,0
290,291,0
291,292,0
292,293,0
293,294,0
294,295,0
295,296,0
296,297,0
297,298,0
298,299,0
299,300,0
300,301,0
301,302,0
302,303,0
303,304,0
304,305,0
305,306,0
306,307,0
307,308,0
308,309,0
309,310,0
310,311,0
311,312,0
312,313,0
313,314,0
314,315,0
315,316,0
316,317,0
317,318,0
318,319,0
319,320,0
320,321,0
321,322,0
322,323,0
323,324,0
324,325,0
325,326,0
326,327,0
327,328,0
328,329,0
329,330,0
330,331,0
331,332,0
332,333,0
333,334,0
334,335,0
335,336,0
336,337,0
337,338,0
338,339,0
339,340,0
340,341,0
341,342,0
342,343,0
343,344,0
344,345,0
345,346,0
346,347,0
347,348,0
348,349,0
349,350,0
350,351,0
351,352,0
352,353,0
353,354,0
354,355,0
355,356,0
356,357,0
357,358,0
358,359,0
359,360,0
360,361,0
361,362,0
362,363,0
363,364,0
364,365,0
365,366,0
366,367,0
367,368,0
368,369,0
369,370,0
370,371,0
371,372,0
372,373,0
373,374,0
374,375,0
375,376,0
376,377,0
377,378,0
378,379,0
379,380,0
380,381,0
381,382,0
382,383,0
383,384,0
384,385,0
385,386,0
386,387,0
387,388,0
388,389,0
389,390,0
390,391,0
391,392,0
392,393,0
393,394,0
394,395,0
395,396,0
396,397,0
397,398,0
398,399,0
399,400,0
400,401,0
401,402,0
402,403,0
403,404,0
404,405,0
405,406,0
406,407,0
407,408,0
408,409,0
409,410,0
410,411,0
411,412,0
412,413,0
413,414,0
414,415,0
415,416,0
416,417,0
417,418,0
418,419,0
419,420,0
420,421,0
421,422,0
422,423,0
423,424,0
424,425,0
425,426,0
426,427,0
427,428,0
428,429,0
429,430,0
430,431,0
431,432,0
432,433,0
433,434,0
434,435,0
435,436,0
436,437,0
437,438,0
438,439,0
439,440,0
440,441,0
441,442,0
442,443,0
443,444,0
444,445,0
445,446,0
446,447,0
447,448,0
448,449,0
449,450,0
450,451,0
451,452,0
452,453,0
453,454,0
454,455,0
455,456,0
456,457,0
457,458,0
458,459,0
459,460,0
460,461,0
461,462,0
462,463,0
463,464,0
464,465,0
465,466,0
466,467,0
467,468,0
468,469,0
469,470,0
470,471,0
471,472,0
472,473,0
473,474,0
474,475,0
475,476,0
476,477,0
477,478,0
478,479,0
479,480,0
480,481,0
481,482,0
482,483,0
483,484,0
484,485,0
485,486,0
486,487,0
487,488,0
488,489,0
489,490,0
490,491,0
491,492,0
492,493,0
493,494,0
494,495,0
495,496,0
496,497,0
497,498,0
498,499,0
499,500,0
500,501,0
501,502,0
502,503,0
503,504,0
504,505,0
505,506,0
506,507,0
507,508,0
508,509,0
509,510,0
510,511,0
511,512,0
512,513,0
513,514,0
514,515,0
515,516,0
516,517,0
517,518,0
518,519,0
519,520,0
520,521,0
521,522,0
522,523,0
523,524,0
524,525,0
525,526,0
526,527,0
527,528,0
528,529,0
529,530,0
530,531,0
531,532,0
532,533,0
533,534,0
534,535,0
535,536,0
536,537,0
537,538,0
538,539,0
539,540,0
540,541,0
541,542,0
542,543,0
543,544,0
544,545,0
545,546,0
546,547,0
547,548,0
548,549,0
549,550,0
550,551,0
551,552,0
552,553,0
553,554,0
554,555,0
555,556,0
556,557,0
557,558,0
558,559,0
559,560,0
560,561,0
561,562,0
562,563,0
563,564,0
564,565,0
565,566,0
566,567,0
567,568,0
568,569,0
569,570,0
570,571,0
571,572,0
572,573,0
573,574,0
574,575,0
575,576,0
576,577,0
577,578,0
578,579,0
579,580,0
580,581,0
581,582,0
582,583,0
583,584,0
584,585,0
585,586,0
586,587,0
587,588,0
588,589,0
589,590,0
590,591,0
591,592,0
592,593,0
593,594,0
594,595,0
595,596,0
596,597,0
597,598,0
598,599,0
599,600,0
600,601,0
601,602,0
602,603,0
603,604,0
604,605,0
605,606,0
606,607,0
607,608,0
608,609,0
609,610,0
610,611,0
611,612,0
612,613,0
613,614,0
614,615,0
615,616,0
616,617,0
617,618,0
618,619,0
619,620,0
620,621,0
621,622,0
622,623,0
623,624,0
624,625,0
625,626,0
626,627,0
627,628,0
628,629,0
629,630,0
630,631,0
631,632,0
632,633,0
633,634,0
634,635,0
635,636,0
636,637,0
637,638,0
638,639,0
639,640,0
640,641,0
641,642,0
642,643,0
643,644,0
644,645,0
645,646,0
646,647,0
647,648,0
648,649,0
649,650,0
650,651,0
651,652,0
652,653,0
653,654,0
654,655,0
655,656,0
656,657,0
657,658,0
658,659,0
659,660,0
660,661,0
661,662,0
662,663,0
663,664,0
664,665,0
665,666,0
666,667,0
667,668,0
668,669,0
669,670,0
670,671,0
671,672,0
672,673,0
673,674,0
674,675,0
675,676,0
676,677,0
677,678,0
678,679,0
679,680,0
680,681,0
681,682,0
682,683,0
683,684,0
684,685,0
685,686,0
686,687,0
687,688,0
688,689,0
689,690,0
690,691,0
691,692,0
692,693,0
693,694,0
694,695,0
695,696,0
696,697,0
697,698,0
698,699,0
699,700,0
700,701,0
701,702,0
702,703,0
703,704,0
704,705,0
705,706,0
706,707,0
707,708,0
708,709,0
709,710,0
710,711,0
711,712,0
712,713,0
713,714,0
714,715,0
715,716,0
716,717,0
717,718,0
718,719,0
719,720,0
720,721,0
721,722,0
722,723,0
723,724,0
724,725,0
725,726,0
726,727,0
727,728,0
728,729,0
729,730,0
730,731,0
731,732,0
732,733,0
733,734,0
734,735,0
735,736,0
736,737,0
737,738,0
738,739,0
739,740,0
740,741,0
741,742,0
742,743,0
743,744,0
744,745,0
745,746,0
746,747,0
747,748,0
748,749,0
749,750,0
750,751,0
751,752,0
752,753,0
753,754,0
754,755,0
755,756,0
756,757,0
757,758,0
758,759,0
759,760,0
760,761,0
761,762,0
762,763,0
763,764,0
764,765,0
765,766,0
766,767,0
767,768,0
768,769,0
769,770,0
770,771,0
771,772,0
772,773,0
773,774,0
774,775,0
775,776,0
776,777,0
777,778,0
778,779,0
779,780,0
780,781,0
781,782,0
782,783,0
783,784,0
784,785,0
785,786,0
786,787,0
787,788,0
788,789,0
789,790,0
790,791,0
791,792,0
792,793,0
793,794,0
794,795,0
795,796,0
796,797,0
797,798,0
798,799,0
799,800,0
800,801,1
801,802,1
802,803,1
803,804,1
804,805,1
805,806,1
806,807,1
807,808,1
808,809,1
809,810,1
810,811,1
811,812,1
812,813,1
813,814,1
814,815,1
815,816,1
816,817,1
817,818,1
818,819,1
819,820,1
820,821,1
821,822,1
822,823,1
823,824,1
824,825,1
825,826,1
826,827,1
827,828,1
828,829,1
829,830,1
830,831,1
831,832,1
832,833,1
833,834,1
834,835,1
835,836,1
836,837,1
837,838,1
838,839,1
839,840,1
840,841,1
841,842,1
842,843,1
843,844,1
844,845,1
845,846,1
846,847,1
847,848,1
848,849,1
849,850,1
850,851,1
851,852,1
852,853,1
853,854,1
854,855,1
855,856,1
856,857,1
857,858,1
858,859,1
859,860,1
860,861,1
861,862,1
862,863,1
863,864,1
864,865,1
865,866,1
866,867,1
867,868,1
868,869,1
869,870,1
870,871,1
871,872,1
872,873,1
873,874,1
874,875,1
875,876,1
876,877,1
877,878,1
878,879,1
879,880,1
880,881,1
881,882,1
882,883,1
883,884,1
884,885,1
885,886,1
886,887,1
887,888,1
888,889,1
889,890,1
890,891,1
891,892,1
892,893,1
893,894,1
894,895,1
895,896,1
896,897,1
897,898,1
898,899,1
899,900,1
900,901,1
901,902,1
902,903,1
903,904,1
904,905,1
905,906,1
906,907,1
907,908,1
908,909,1
909,910,1
910,911,1
911,912,1
912,913,1
913,914,1
914,915,1
915,916,1
916,917,1
917,918,1
918,919,1
919,920,1
920,921,1
921,922,1
922,923,1
923,924,1
924,925,1
925,926,1
926,927,1
927,928,1
928,929,1
929,930,1
930,931,1
931,932,1
932,933,1
933,934,1
934,935,1
935,936,1
936,937,1
937,938,1
938,939,1
939,940,1
940,941,1
941,942,1
942,943,1
943,944,1
944,945,1
945,946,1
946,947,1
947,948,1
948,949,1
949,950,1
950,951,1
951,952,1
952,953,1
953,954,1
954,955,1
955,956,1
956,957,1
957,958,1
958,959,1
959,960,1
960,961,1
961,962,1
962,963,1
963,964,1
964,965,1
965,966,1
966,967,1
967,968,1
968,969,1
969,970,1
970,971,1
971,972,1
972,973,1
973,974,1
974,975,1
975,976,1
976,977,1
977,978,1
978,979,1
979,980,1
980,981,1
981,982,1
982,983,1
983,984,1
984,985,1
985,986,1
986,987,1
987,988,1
988,989,1
989,990,1
990,991,1
991,992,1
992,993,1
993,994,1
994,995,1
995,996,1
996,997,1
997,998,1
998,999,1
999,1000,1
1000,1001,1
1001,1002,1
1002,1003,1
1003,1004,1
1004,1005,1
1005,1006,1
1006,1007,1
1007,1008,1
1008,1009,1
1009,1010,1
1010,1011,1
1011,1012,1
1012,1013,1
1013,1014,1
1014,1015,1
1015,1016,1
1016,1017,1
1017,1018,1
1018,1019,1
1019,1020,1
1020,1021,1
1021,1022,1
1022,1023,1
1023,1024,1
1024,1025,1
1025,1026,1
1026,1027,1
1027,1028,1
1028,1029,1
1029,1030,1
1030,1031,1
1031,1032,1
1032,1033,1
1033,1034,1
1034,1035,1
1035,1036,1
1036,1037,1
1037,1038,1
1038,1039,1
1039,1040,1
1040,1041,1
1041,1042,1
1042,1043,1
1043,1044,1
1044,1045,1
1045,1046,1
1046,1047,1
1047,1048,1
1048,1049,1
1049,1050,1
1050,1051,1
1051,1052,1
1052,1053,1
1053,1054,1
1054,1055,1
1055,1056,1
1056,1057,1
1057,1058,1
1058,1059,1
1059,1060,1
1060,1061,1
1061,1062,1
1062,1063,1
1063,1064,1
1064,1065,1
1065,1066,1
1066,1067,1
1067,1068,1
1068,1069,1
1069,1070,1
1070,1071,1
1071,1072,1
1072,1073,1
1073,1074,1
1074,1075,1
1075,1076,1
1076,1077,1
1077,1078,1
1078,1079,1
1079,1080,1
1080,1081,1
1081,1082,1
1082,1083,1
1083,1084,1
1084,1085,1
1085,1086,1
1086,1087,1
1087,1088,1
1088,1089,1
1089,1090,1
1090,1091,1
1091,1092,1
1092,1093,1
1093,1094,1
1094,1095,1
1095,1096,1
1096,1097,1
1097,1098,1
1098,1099,1
1099,1100,1
1100,1101,1
1101,1102,1
1102,1103,1
1103,1104,1
1104,1105,1
1105,1106,1
1106,1107,1
1107,1108,1
1108,1109,1
1109,1110,1
1110,1111,1
1111,1112,1
1112,1113,1
1113,1114,1
1114,1115,1
1115,1116,1
1116,1117,1
1117,1118,1
1118,1119,1
1119,1120,1
1120,1121,1
1121,1122,1
1122,1123,1
1123,1124,1
1124,1125,1
1125,1126,1
1126,1127,1
1127,1128,1
1128,1129,1
1129,1130,1
1130,1131,1
1131,1132,1
1132,1133,1
1133,1134,1
1134,1135,1
1135,1136,1
1136,1137,1
1137,1138,1
1138,1139,1
1139,1140,1
1140,1141,1
1141,1142,1
1142,1143,1
1143,1144,1
1144,1145,1
1145,1146,1
1146,1147,1
1147,1148,1
1148,1149,1
1149,1150,1
1150,1151,1
1151,1152,1
1152,1153,1
1153,1154,1
1154,1155,1
1155,1156,1
1156,1157,1
1157,1158,1
1158,1159,1
1159,1160,1
1160,1161,1
1161,1162,1
1162,1163,1
1163,1164,1
1164,1165,1
1165,1166,1
1166,1167,1
1167,1168,1
1168,1169,1
1169,1170,1
1170,1171,1
1171,1172,1
1172,1173,1
1173,1174,1
1174,1175,1
1175,1176,1
1176,1177,1
1177,1178,1
1178,1179,1
1179,1180,1
1180,1181,1
1181,1182,1
1182,1183,1
1183,1184,1
1184,1185,1
1185,1186,1
1186,1187,1
1187,1188,1
1188,1189,1
1189,1190,1
1190,1191,1
1191,1192,1
1192,1193,1
1193,1194,1
1194,1195,1
1195,1196,1
1196,1197,1
1197,1198,1
1198,1199,1
1199,1200,1
1200,1201,1
1201,1202,1
1202,1203,1
1203,1204,1
1204,1205,1
1205,1206,1
1206,1207,1
1207,1208,1
1208,1209,1
1209,1210,1
1210,1211,1
1211,1212,1
1212,1213,1
1213,1214,1
1214,1215,1
1215,1216,1
1216,1217,1
1217,1218,1
1218,1219,1
1219,1220,1
1220,1221,1
1221,1222,1
1222,1223,1
1223,1224,1
1224,1225,1
1225,1226,1
1226,1227,1
1227,1228,1
1228,1229,1
1229,1230,1
1230,1231,1
1231,1232,1
1232,1233,1
1233,1234,1
1234,1235,1
1235,1236,1
1236,1237,1
1237,1238,1
1238,1239,1
1239,1240,1
1240,1241,1
1241,1242,1
1242,1243,1
1243,1244,1
1244,1245,1
1245,1246,1
1246,1247,1
1247,1248,1
1248,1249,1
1249,1250,1
1250,1251,1
1251,1252,1
1252,1253,1
1253,1254,1
1254,1255,1
1255,1256,1
1256,1257,1
1257,1258,1
1258,1259,1
1259,1260,1
1260,1261,1
1261,1262,1
1262,1263,1
1263,1264,1
1264,1265,1
1265,1266,1
1266,1267,1
1267,1268,1
1268,1269,1
1269,1270,1
1270,1271,1
1271,1272,1
1272,1273,1
1273,1274,1
1274,1275,1
1275,1276,1
1276,1277,1
1277,1278,1
1278,1279,1
1279,1280,1
1280,1281,1
1281,1282,1
1282,1283,1
1283,1284,1
1284,1285,1
1285,1286,1
1286,1287,1
1287,1288,1
1288,1289,1
1289,1290,1
1290,1291,1
1291,1292,1
1292,1293,1
1293,1294,1
1294,1295,1
1295,1296,1
1296,1297,1
1297,1298,1
1298,1299,1
1299,1300,1
1300,1301,1
1301,1302,1
1302,1303,1
1303,1304,1
1304,1305,1
1305,1306,1
1306,1307,1
1307,1308,1
1308,1309,1
1309,1310,1
1310,1311,1
1311,1312,1
1312,1313,1
1313,1314,1
1314,1315,1
1315,1316,1
1316,1317,1
1317,1318,1
1318,1319,1
1319,1320,1
1320,1321,1
1321,1322,1
1322,1323,1
1323,1324,1
1324,1325,1
1325,1326,1
1326,1327,1
1327,1328,1
1328,1329,1
1329,1330,1
1330,1331,1
1331,1332,1
1332,1333,1
1333,1334,1
1334,1335,1
1335,1336,1
1336,1337,1
1337,1338,1
1338,1339,1
1339,1340,1
1340,1341,1
1341,1342,1
1342,1343,1
1343,1344,1
1344,1345,1
1345,1346,1
1346,1347,1
1347,1348,1
1348,1349,1
1349,1350,1
1350,1351,1
1351,1352,1
1352,1353,1
1353,1354,1
1354,1355,1
1355,1356,1
1356,1357,1
1357,1358,1
1358,1359,1
1359,1360,1
1360,1361,1
1361,1362,1
1362,1363,1
1363,1364,1
1364,1365,1
1365,1366,1
1366,1367,1
1367,1368,1
1368,1369,1
1369,1370,1
1370,1371,1
1371,1372,1
1372,1373,1
1373,1374,1
1374,1375,1
1375,1376,1
1376,1377,1
1377,1378,1
1378,1379,1
1379,1380,1
1380,1381,1
1381,1382,1
1382,1383,1
1383,1384,1
1384,1385,1
1385,1386,1
1386,1387,1
1387,1388,1
1388,1389,1
1389,1390,1
1390,1391,1
1391,1392,1
1392,1393,1
1393,1394,1
1394,1395,1
1395,1396,1
1396,1397,1
1397,1398,1
1398,1399,1
1399,1400,1
1400,1401,1
1401,1402,1
1402,1403,1
1403,1404,1
1404,1405,1
1405,1406,1
1406,1407,1
1407,1408,1
1408,1409,1
1409,1410,1
1410,1411,1
1411,1412,1
1412,1413,1
1413,1414,1
1414,1415,1
1415,1416,1
1416,1417,1
1417,1418,1
1418,1419,1
1419,1420,1
1420,1421,1
1421,1422,1
1422,1423,1
1423,1424,1
1424,1425,1
1425,1426,1
1426,1427,1
1427,1428,1
1428,1429,1
1429,1430,1
1430,1431,1
1431,1432,1
1432,1433,1
1433,1434,1
1434,1435,1
1435,1436,1
1436,1437,1
1437,1438,1
1438,1439,1
1439,1440,1
1440,1441,1
1441,1442,1
1442,1443,1
1443,1444,1
1444,1445,1
1445,1446,1
1446,1447,1
1447,1448,1
1448,1449,1
1449,1450,1
1450,1451,1
1451,1452,1
1452,1453,1
1453,1454,1
1454,1455,1
1455,1456,1
1456,1457,1
1457,1458,1
1458,1459,1
1459,1460,1
1460,1461,1
1461,1462,1
1462,1463,1
1463,1464,1
1464,1465,1
1465,1466,1
1466,1467,1
1467,1468,1
1468,1469,1
1469,1470,1
1470,1471,1
1471,1472,1
1472,1473,1
1473,1474,1
1474,1475,1
1475,1476,1
1476,1477,1
1477,1478,1
1478,1479,1
1479,1480,1
1480,1481,1
1481,1482,1
1482,1483,1
1483,1484,1
1484,1485,1
1485,1486,1
1486,1487,1
1487,1488,1
1488,1489,1
1489,1490,1
1490,1491,1
1491,1492,1
1492,1493,1
1493,1494,1
1494,1495,1
1495,1496,1
1496,1497,1
1497,1498,1
1498,1499,1
1499,1500,1
1500,1501,1
1501,1502,1
1502,1503,1
1503,1504,1
1504,1505,1
1505,1506,1
1506,1507,1
1507,1508,1
1508,1509,1
1509,1510,1
1510,1511,1
1511,1512,1
1512,1513,1
1513,1514,1
1514,1515,1
1515,1516,1
1516,1517,1
1517,1518,1
1518,1519,1
1519,1520,1
1520,1521,1
1521,1522,1
1522,1523,1
1523,1524,1
1524,1525,1
1525,1526,1
1526,1527,1
1527,1528,1
1528,1529,1
1529,1530,1
1530,1531,1
1531,1532,1
1532,1533,1
1533,1534,1
1534,1535,1
1535,1536,1
1536,1537,1
1537,1538,1
1538,1539,1
1539,1540,1
1540,1541,1
1541,1542,1
1542,1543,1
1543,1544,1
1544,1545,1
1545,1546,1
1546,1547,1
1547,1548,1
1548,1549,1
1549,1550,1
1550,1551,1
1551,1552,1
1552,1553,1
1553,1554,1
1554,1555,1
1555,1556,1
1556,1557,1
1557,1558,1
1558,1559,1
1559,1560,1
1560,1561,1
1561,1562,1
1562,1563,1
1563,1564,1
1564,1565,1
1565,1566,1
1566,1567,1
1567,1568,1
1568,1569,1
1569,1570,1
1570,1571,1
1571,1572,1
1572,1573,1
1573,1574,1
1574,1575,1
1575,1576,1
1576,1577,1
1577,1578,1
1578,1579,1
1579,1580,1
1580,1581,1
1581,1582,1
1582,1583,1
1583,1584,1
1584,1585,1
1585,1586,1
1586,1587,1
1587,1588,1
1588,1589,1
1589,1590,1
1590,1591,1
1591,1592,1
1592,1593,1
1593,1594,1
1594,1595,1
1595,1596,1
1596,1597,1
1597,1598,1
1598,1599,1
1599,1600,1
1600,1601,2
1601,1602,2
1602,1603,2
1603,1604,2
1604,1605,2
1605,1606,2
1606,1607,2
1607,1608,2
1608,1609,2
1609,1610,2
1610,1611,2
1611,1612,2
1612,1613,2
1613,1614,2
1614,1615,2
1615,1616,2
1616,1617,2
1617,1618,2
1618,1619,2
1619,1620,2
1620,1621,2
1621,1622,2
1622,1623,2
1623,1624,2
1624,1625,2
1625,1626,2
1626,1627,2
1627,1628,2
1628,1629,2
1629,1630,2
1630,1631,2
1631,1632,2
1632,1633,2
1633,1634,2
1634,1635,2
1635,1636,2
1636,1637,2
1637,1638,2
1638,1639,2
1639,1640,2
1640,1641,2
1641,1642,2
1642,1643,2
1643,1644,2
1644,1645,2
1645,1646,2
1646,1647,2
1647,1648,2
1648,1649,2
1649,1650,2
1650,1651,2
1651,1652,2
1652,1653,2
1653,1654,2
1654,1655,2
1655,1656,2
1656,1657,2
1657,1658,2
1658,1659,2
1659,1660,2
1660,1661,2
1661,1662,2
1662,1663,2
1663,1664,2
1664,1665,2
1665,1666,2
1666,1667,2
1667,1668,2
1668,1669,2
1669,1670,2
1670,1671,2
1671,1672,2
1672,1673,2
1673,1674,2
1674,1675,2
1675,1676,2
1676,1677,2
1677,1678,2
1678,1679,2
1679,1680,2
1680,1681,2
1681,1682,2
1682,1683,2
1683,1684,2
1684,1685,2
1685,1686,2
1686,1687,2
1687,1688,2
1688,1689,2
1689,1690,2
1690,1691,2
1691,1692,2
1692,1693,2
1693,1694,2
1694,1695,2
1695,1696,2
1696,1697,2
1697,1698,2
1698,1699,2
1699,1700,2
1700,1701,2
1701,1702,2
1702,1703,2
1703,1704,2
1704,1705,2
1705,1706,2
1706,1707,2
1707,1708,2
1708,1709,2
1709,1710,2
1710,1711,2
1711,1712,2
1712,1713,2
1713,1714,2
1714,1715,2
1715,1716,2
1716,1717,2
1717,1718,2
1718,1719,2
1719,1720,2
1720,1721,2
1721,1722,2
1722,1723,2
1723,1724,2
1724,1725,2
1725,1726,2
1726,1727,2
1727,1728,2
1728,1729,2
1729,1730,2
1730,1731,2
1731,1732,2
1732,1733,2
1733,1734,2
1734,1735,2
1735,1736,2
1736,1737,2
1737,1738,2
1738,1739,2
1739,1740,2
1740,1741,2
1741,1742,2
1742,1743,2
1743,1744,2
1744,1745,2
1745,1746,2
1746,1747,2
1747,1748,2
1748,1749,2
1749,1750,2
1750,1751,2
1751,1752,2
1752,1753,2
1753,1754,2
1754,1755,2
1755,1756,2
1756,1757,2
1757,1758,2
1758,1759,2
1759,1760,2
1760,1761,2
1761,1762,2
1762,1763,2
1763,1764,2
1764,1765,2
1765,1766,2
1766,1767,2
1767,1768,2
1768,1769,2
1769,1770,2
1770,1771,2
1771,1772,2
1772,1773,2
1773,1774,2
1774,1775,2
1775,1776,2
1776,1777,2
1777,1778,2
1778,1779,2
1779,1780,2
1780,1781,2
1781,1782,2
1782,1783,2
1783,1784,2
1784,1785,2
1785,1786,2
1786,1787,2
1787,1788,2
1788,1789,2
1789,1790,2
1790,1791,2
1791,1792,2
1792,1793,2
1793,1794,2
1794,1795,2
1795,1796,2
1796,1797,2
1797,1798,2
1798,1799,2
1799,1800,2
1800,1801,2
1801,1802,2
1802,1803,2
1803,1804,2
1804,1805,2
1805,1806,2
1806,1807,2
1807,1808,2
1808,1809,2
1809,1810,2
1810,1811,2
1811,1812,2
1812,1813,2
1813,1814,2
1814,1815,2
1815,1816,2
1816,1817,2
1817,1818,2
1818,1819,2
1819,1820,2
1820,1821,2
1821,1822,2
1822,1823,2
1823,1824,2
1824,1825,2
1825,1826,2
1826,1827,2
1827,1828,2
1828,1829,2
1829,1830,2
1830,1831,2
1831,1832,2
1832,1833,2
1833,1834,2
1834,1835,2
1835,1836,2
1836,1837,2
1837,1838,2
1838,1839,2
1839,1840,2
1840,1841,2
1841,1842,2
1842,1843,2
1843,1844,2
1844,1845,2
1845,1846,2
1846,1847,2
1847,1848,2
1848,1849,2
1849,1850,2
1850,1851,2
1851,1852,2
1852,1853,2
1853,1854,2
1854,1855,2
1855,1856,2
1856,1857,2
1857,1858,2
1858,1859,2
1859,1860,2
1860,1861,2
1861,1862,2
1862,1863,2
1863,1864,2
1864,1865,2
1865,1866,2
1866,1867,2
1867,1868,2
1868,1869,2
1869,1870,2
1870,1871,2
1871,1872,2
1872,1873,2
1873,1874,2
1874,1875,2
1875,1876,2
1876,1877,2
1877,1878,2
1878,1879,2
1879,1880,2
1880,1881,2
1881,1882,2
1882,1883,2
1883,1884,2
1884,1885,2
1885,1886,2
1886,1887,2
1887,1888,2
1888,1889,2
1889,1890,2
1890,1891,2
1891,1892,2
1892,1893,2
1893,1894,2
1894,1895,2
1895,1896,2
1896,1897,2
1897,1898,2
1898,1899,2
1899,1900,2
1900,1901,2
1901,1902,2
1902,1903,2
1903,1904,2
1904,1905,2
1905,1906,2
1906,1907,2
1907,1908,2
1908,1909,2
1909,1910,2
1910,1911,2
1911,1912,2
1912,1913,2
1913,1914,2
1914,1915,2
1915,1916,2
1916,1917,2
1917,1918,2
1918,1919,2
1919,1920,2
1920,1921,2
1921,1922,2
1922,1923,2
1923,1924,2
1924,1925,2
1925,1926,2
1926,1927,2
1927,1928,2
1928,1929,2
1929,1930,2
1930,1931,2
1931,1932,2
1932,1933,2
1933,1934,2
1934,1935,2
1935,1936,2
1936,1937,2
1937,1938,2
1938,1939,2
1939,1940,2
1940,1941,2
1941,1942,2
1942,1943,2
1943,1944,2
1944,1945,2
1945,1946,2
1946,1947,2
1947,1948,2
1948,1949,2
1949,1950,2
1950,1951,2
1951,1952,2
1952,1953,2
1953,1954,2
1954,1955,2
1955,1956,2
1956,1957,2
1957,1958,2
1958,1959,2
1959,1960,2
1960,1961,2
1961,1962,2
1962,1963,2
1963,1964,2
1964,1965,2
1965,1966,2
1966,1967,2
1967,1968,2
1968,1969,2
1969,1970,2
1970,1971,2
1971,1972,2
1972,1973,2
1973,1974,2
1974,1975,2
1975,1976,2
1976,1977,2
1977,1978,2
1978,1979,2
1979,1980,2
1980,1981,2
1981,1982,2
1982,1983,2
1983,1984,2
1984,1985,2
1985,1986,2
1986,1987,2
1987,1988,2
1988,1989,2
1989,1990,2
1990,1991,2
1991,1992,2
1992,1993,2
1993,1994,2
1994,1995,2
1995,1996,2
1996,1997,2
1997,1998,2
1998,1999,2
1999,2000,2
2000,2001,2
2001,2002,2
2002,2003,2
2003,2004,2
2004,2005,2
2005,2006,2
2006,2007,2
2007,2008,2
2008,2009,2
2009,2010,2
2010,2011,2
2011,2012,2
2012,2013,2
2013,2014,2
2014,2015,2
2015,2016,2
2016,2017,2
2017,2018,2
2018,2019,2
2019,2020,2
2020,2021,2
2021,2022,2
2022,2023,2
2023,2024,2
2024,2025,2
2025,2026,2
2026,2027,2
2027,2028,2
2028,2029,2
2029,2030,2
2030,2031,2
2031,2032,2
2032,2033,2
2033,2034,2
2034,2035,2
2035,2036,2
2036,2037,2
2037,2038,2
2038,2039,2
2039,2040,2
2040,2041,2
2041,2042,2
2042,2043,2
2043,2044,2
2044,2045,2
2045,2046,2
2046,2047,2
2047,2048,2
2048,2049,2
2049,2050,2
2050,2051,2
2051,2052,2
2052,2053,2
2053,2054,2
2054,2055,2
2055,2056,2
2056,2057,2
2057,2058,2
2058,2059,2
2059,2060,2
2060,2061,2
2061,2062,2
2062,2063,2
2063,2064,2
2064,2065,2
2065,2066,2
2066,2067,2
2067,2068,2
2068,2069,2
2069,2070,2
2070,2071,2
2071,2072,2
2072,2073,2
2073,2074,2
2074,2075,2
2075,2076,2
2076,2077,2
2077,2078,2
2078,2079,2
2079,2080,2
2080,2081,2
2081,2082,2
2082,2083,2
2083,2084,2
2084,2085,2
2085,2086,2
2086,2087,2
2087,2088,2
2088,2089,2
2089,2090,2
2090,2091,2
2091,2092,2
2092,2093,2
2093,2094,2
2094,2095,2
2095,2096,2
2096,2097,2
2097,2098,2
2098,2099,2
2099,2100,2
2100,2101,2
2101,2102,2
2102,2103,2
2103,2104,2
2104,2105,2
2105,2106,2
2106,2107,2
2107,2108,2
2108,2109,2
2109,2110,2
2110,2111,2
2111,2112,2
2112,2113,2
2113,2114,2
2114,2115,2
2115,2116,2
2116,2117,2
2117,2118,2
2118,2119,2
2119,2120,2
2120,2121,2
2121,2122,2
2122,2123,2
2123,2124,2
2124,2125,2
2125,2126,2
2126,2127,2
2127,2128,2
2128,2129,2
2129,2130,2
2130,2131,2
2131,2132,2
2132,2133,2
2133,2134,2
2134,2135,2
2135,2136,2
2136,2137,2
2137,2138,2
2138,2139,2
2139,2140,2
2140,2141,2
2141,2142,2
2142,2143,2
2143,2144,2
2144,2145,2
2145,2146,2
2146,2147,2
2147,2148,2
2148,2149,2
2149,2150,2
2150,2151,2
2151,2152,2
2152,2153,2
2153,2154,2
2154,2155,2
2155,2156,2
2156,2157,2
2157,2158,2
2158,2159,2
2159,2160,2
2160,2161,2
2161,2162,2
2162,2163,2
2163,2164,2
2164,2165,2
2165,2166,2
2166,2167,2
2167,2168,2
2168,2169,2
2169,2170,2
2170,2171,2
2171,2172,2
2172,2173,2
2173,2174,2
2174,2175,2
2175,2176,2
2176,2177,2
2177,2178,2
2178,2179,2
2179,2180,2
2180,2181,2
2181,2182,2
2182,2183,2
2183,2184,2
2184,2185,2
2185,2186,2
2186,2187,2
2187,2188,2
2188,2189,2
2189,2190,2
2190,2191,2
2191,2192,2
2192,2193,2
2193,2194,2
2194,2195,2
2195,2196,2
2196,2197,2
2197,2198,2
2198,2199,2
2199,2200,2
2200,2201,2
2201,2202,2
2202,2203,2
2203,2204,2
2204,2205,2
2205,2206,2
2206,2207,2
2207,2208,2
2208,2209,2
2209,2210,2
2210,2211,2
2211,2212,2
2212,2213,2
2213,2214,2
2214,2215,2
2215,2216,2
2216,2217,2
2217,2218,2
2218,2219,2
2219,2220,2
2220,2221,2
2221,2222,2
2222,2223,2
2223,2224,2
2224,2225,2
2225,2226,2
2226,2227,2
2227,2228,2
2228,2229,2
2229,2230,2
2230,2231,2
2231,2232,2
2232,2233,2
2233,2234,2
2234,2235,2
2235,2236,2
2236,2237,2
2237,2238,2
2238,2239,2
2239,2240,2
2240,2241,2
2241,2242,2
2242,2243,2
2243,2244,2
2244,2245,2
2245,2246,2
2246,2247,2
2247,2248,2
2248,2249,2
2249,2250,2
2250,2251,2
2251,2252,2
2252,2253,2
2253,2254,2
2254,2255,2
2255,2256,2
2256,2257,2
2257,2258,2
2258,2259,2
2259,2260,2
2260,2261,2
2261,2262,2
2262,2263,2
2263,2264,2
2264,2265,2
2265,2266,2
2266,2267,2
2267,2268,2
2268,2269,2
2269,2270,2
2270,2271,2
2271,2272,2
2272,2273,2
2273,2274,2
2274,2275,2
2275,2276,2
2276,2277,2
2277,2278,2
2278,2279,2
2279,2280,2
2280,2281,2
2281,2282,2
2282,2283,2
2283,2284,2
2284,2285,2
2285,2286,2
2286,2287,2
2287,2288,2
2288,2289,2
2289,2290,2
2290,2291,2
2291,2292,2
2292,2293,2
2293,2294,2
2294,2295,2
2295,2296,2
2296,2297,2
2297,2298,2
2298,2299,2
2299,2300,2
2300,2301,2
2301,2302,2
2302,2303,2
2303,2304,2
2304,2305,2
2305,2306,2
2306,2307,2
2307,2308,2
2308,2309,2
2309,2310,2
2310,2311,2
2311,2312,2
2312,2313,2
2313,2314,2
2314,2315,2
2315,2316,2
2316,2317,2
2317,2318,2
2318,2319,2
2319,2320,2
2320,2321,2
2321,2322,2
2322,2323,2
2323,2324,2
2324,2325,2
2325,2326,2
2326,2327,2
2327,2328,2
2328,2329,2
2329,2330,2
2330,2331,2
2331,2332,2
2332,2333,2
2333,2334,2
2334,2335,2
2335,2336,2
2336,2337,2
2337,2338,2
2338,2339,2
2339,2340,2
2340,2341,2
2341,2342,2
2342,2343,2
2343,2344,2
2344,2345,2
2345,2346,2
2346,2347,2
2347,2348,2
2348,2349,2
2349,2350,2
2350,2351,2
2351,2352,2
2352,2353,2
2353,2354,2
2354,2355,2
2355,2356,2
2356,2357,2
2357,2358,2
2358,2359,2
2359,2360,2
2360,2361,2
2361,2362,2
2362,2363,2
2363,2364,2
2364,2365,2
2365,2366,2
2366,2367,2
2367,2368,2
2368,2369,2
2369,2370,2
2370,2371,2
2371,2372,2
2372,2373,2
2373,2374,2
2374,2375,2
2375,2376,2
2376,2377,2
2377,2378,2
2378,2379,2
2379,2380,2
2380,2381,2
2381,2382,2
2382,2383,2
2383,2384,2
2384,2385,2
2385,2386,2
2386,2387,2
2387,2388,2
2388,2389,2
2389,2390,2
2390,2391,2
2391,2392,2
2392,2393,2
2393,2394,2
2394,2395,2
2395,2396,2
2396,2397,2
2397,2398,2
2398,2399,2
2399,2400,2
2400,2401,3
2401,2402,3
2402,2403,3
2403,2404,3
2404,2405,3
2405,2406,3
2406,2407,3
2407,2408,3
2408,2409,3
2409,2410,3
2410,2411,3
2411,2412,3
2412,2413,3
2413,2414,3
2414,2415,3
2415,2416,3
2416,2417,3
2417,2418,3
2418,2419,3
2419,2420,3
2420,2421,3
2421,2422,3
2422,2423,3
2423,2424,3
2424,2425,3
2425,2426,3
2426,2427,3
2427,2428,3
2428,2429,3
2429,2430,3
2430,2431,3
2431,2432,3
2432,2433,3
2433,2434,3
2434,2435,3
2435,2436,3
2436,2437,3
2437,2438,3
2438,2439,3
2439,2440,3
2440,2441,3
2441,2442,3
2442,2443,3
2443,2444,3
2444,2445,3
2445,2446,3
2446,2447,3
2447,2448,3
2448,2449,3
2449,2450,3
2450,2451,3
2451,2452,3
2452,2453,3
2453,2454,3
2454,2455,3
2455,2456,3
2456,2457,3
2457,2458,3
2458,2459,3
2459,2460,3
2460,2461,3
2461,2462,3
2462,2463,3
2463,2464,3
2464,2465,3
2465,2466,3
2466,2467,3
2467,2468,3
2468,2469,3
2469,2470,3
2470,2471,3
2471,2472,3
2472,2473,3
2473,2474,3
2474,2475,3
2475,2476,3
2476,2477,3
2477,2478,3
2478,2479,3
2479,2480,3
2480,2481,3
2481,2482,3
2482,2483,3
2483,2484,3
2484,2485,3
2485,2486,3
2486,2487,3
2487,2488,3
2488,2489,3
2489,2490,3
2490,2491,3
2491,2492,3
2492,2493,3
2493,2494,3
2494,2495,3
2495,2496,3
2496,2497,3
2497,2498,3
2498,2499,3
2499,2500,3
2500,2501,3
2501,2502,3
2502,2503,3
2503,2504,3
2504,2505,3
2505,2506,3
2506,2507,3
2507,2508,3
2508,2509,3
2509,2510,3
2510,2511,3
2511,2512,3
2512,2513,3
2513,2514,3
2514,2515,3
2515,2516,3
2516,2517,3
2517,2518,3
2518,2519,3
2519,2520,3
2520,2521,3
2521,2522,3
2522,2523,3
2523,2524,3
2524,2525,3
2525,2526,3
2526,2527,3
2527,2528,3
2528,2529,3
2529,2530,3
2530,2531,3
2531,2532,3
2532,2533,3
2533,2534,3
2534,2535,3
2535,2536,3
2536,2537,3
2537,2538,3
2538,2539,3
2539,2540,3
2540,2541,3
2541,2542,3
2542,2543,3
2543,2544,3
2544,2545,3
2545,2546,3
2546,2547,3
2547,2548,3
2548,2549,3
2549,2550,3
2550,2551,3
2551,2552,3
2552,2553,3
2553,2554,3
2554,2555,3
2555,2556,3
2556,2557,3
2557,2558,3
2558,2559,3
2559,2560,3
2560,2561,3
2561,2562,3
2562,2563,3
2563,2564,3
2564,2565,3
2565,2566,3
2566,2567,3
2567,2568,3
2568,2569,3
2569,2570,3
2570,2571,3
2571,2572,3
2572,2573,3
2573,2574,3
2574,2575,3
2575,2576,3
2576,2577,3
2577,2578,3
2578,2579,3
2579,2580,3
2580,2581,3
2581,2582,3
2582,2583,3
2583,2584,3
2584,2585,3
2585,2586,3
2586,2587,3
2587,2588,3
2588,2589,3
2589,2590,3
2590,2591,3
2591,2592,3
2592,2593,3
2593,2594,3
2594,2595,3
2595,2596,3
2596,2597,3
2597,2598,3
2598,2599,3
2599,2600,3
2600,2601,3
2601,2602,3
2602,2603,3
2603,2604,3
2604,2605,3
2605,2606,3
2606,2607,3
2607,2608,3
2608,2609,3
2609,2610,3
2610,2611,3
2611,2612,3
2612,2613,3
2613,2614,3
2614,2615,3
2615,2616,3
2616,2617,3
2617,2618,3
2618,2619,3
2619,2620,3
2620,2621,3
2621,2622,3
2622,2623,3
2623,2624,3
2624,2625,3
2625,2626,3
2626,2627,3
2627,2628,3
2628,2629,3
2629,2630,3
2630,2631,3
2631,2632,3
2632,2633,3
2633,2634,3
2634,2635,3
2635,2636,3
2636,2637,3
2637,2638,3
2638,2639,3
2639,2640,3
2640,2641,3
2641,2642,3
2642,2643,3
2643,2644,3
2644,2645,3
2645,2646,3
2646,2647,3
2647,2648,3
2648,2649,3
2649,2650,3
2650,2651,3
2651,2652,3
2652,2653,3
2653,2654,3
2654,2655,3
2655,2656,3
2656,2657,3
2657,2658,3
2658,2659,3
2659,2660,3
2660,2661,3
2661,2662,3
2662,2663,3
2663,2664,3
2664,2665,3
2665,2666,3
2666,2667,3
2667,2668,3
2668,2669,3
2669,2670,3
2670,2671,3
2671,2672,3
2672,2673,3
2673,2674,3
2674,2675,3
2675,2676,3
2676,2677,3
2677,2678,3
2678,2679,3
2679,2680,3
2680,2681,3
2681,2682,3
2682,2683,3
2683,2684,3
2684,2685,3
2685,2686,3
2686,2687,3
2687,2688,3
2688,2689,3
2689,2690,3
2690,2691,3
2691,2692,3
2692,2693,3
2693,2694,3
2694,2695,3
2695,2696,3
2696,2697,3
2697,2698,3
2698,2699,3
2699,2700,3
2700,2701,3
2701,2702,3
2702,2703,3
2703,2704,3
2704,2705,3
2705,2706,3
2706,2707,3
2707,2708,3
2708,2709,3
2709,2710,3
2710,2711,3
2711,2712,3
2712,2713,3
2713,2714,3
2714,2715,3
2715,2716,3
2716,2717,3
2717,2718,3
2718,2719,3
2719,2720,3
2720,2721,3
2721,2722,3
2722,2723,3
2723,2724,3
2724,2725,3
2725,2726,3
2726,2727,3
2727,2728,3
2728,2729,3
2729,2730,3
2730,2731,3
2731,2732,3
2732,2733,3
2733,2734,3
2734,2735,3
2735,2736,3
2736,2737,3
2737,2738,3
2738,2739,3
2739,2740,3
2740,2741,3
2741,2742,3
2742,2743,3
2743,2744,3
2744,2745,3
2745,2746,3
2746,2747,3
2747,2748,3
2748,2749,3
2749,2750,3
2750,2751,3
2751,2752,3
2752,2753,3
2753,2754,3
2754,2755,3
2755,2756,3
2756,2757,3
2757,2758,3
2758,2759,3
2759,2760,3
2760,2761,3
2761,2762,3
2762,2763,3
2763,2764,3
2764,2765,3
2765,2766,3
2766,2767,3
2767,2768,3
2768,2769,3
2769,2770,3
2770,2771,3
2771,2772,3
2772,2773,3
2773,2774,3
2774,2775,3
2775,2776,3
2776,2777,3
2777,2778,3
2778,2779,3
2779,2780,3
2780,2781,3
2781,2782,3
2782,2783,3
2783,2784,3
2784,2785,3
2785,2786,3
2786,2787,3
2787,2788,3
2788,2789,3
2789,2790,3
2790,2791,3
2791,2792,3
2792,2793,3
2793,2794,3
2794,2795,3
2795,2796,3
2796,2797,3
2797,2798,3
2798,2799,3
2799,2800,3
2800,2801,3
2801,2802,3
2802,2803,3
2803,2804,3
2804,2805,3
2805,2806,3
2806,2807,3
2807,2808,3
2808,2809,3
2809,2810,3
2810,2811,3
2811,2812,3
2812,2813,3
2813,2814,3
2814,2815,3
2815,2816,3
2816,2817,3
2817,2818,3
2818,2819,3
2819,2820,3
2820,2821,3
2821,2822,3
2822,2823,3
2823,2824,3
2824,2825,3
2825,2826,3
2826,2827,3
2827,2828,3
2828,2829,3
2829,2830,3
2830,2831,3
2831,2832,3
2832,2833,3
2833,2834,3
2834,2835,3
2835,2836,3
2836,2837,3
2837,2838,3
2838,2839,3
2839,2840,3
2840,2841,3
2841,2842,3
2842,2843,3
2843,2844,3
2844,2845,3
2845,2846,3
2846,2847,3
2847,2848,3
2848,2849,3
2849,2850,3
2850,2851,3
2851,2852,3
2852,2853,3
2853,2854,3
2854,2855,3
2855,2856,3
2856,2857,3
2857,2858,3
2858,2859,3
2859,2860,3
2860,2861,3
2861,2862,3
2862,2863,3
2863,2864,3
2864,2865,3
2865,2866,3
2866,2867,3
2867,2868,3
2868,2869,3
2869,2870,3
2870,2871,3
2871,2872,3
2872,2873,3
2873,2874,3
2874,2875,3
2875,2876,3
2876,2877,3
2877,2878,3
2878,2879,3
2879,2880,3
2880,2881,3
2881,2882,3
2882,2883,3
2883,2884,3
2884,2885,3
2885,2886,3
2886,2887,3
2887,2888,3
2888,2889,3
2889,2890,3
2890,2891,3
2891,2892,3
2892,2893,3
2893,2894,3
2894,2895,3
2895,2896,3
2896,2897,3
2897,2898,3
2898,2899,3
2899,2900,3
2900,2901,3
2901,2902,3
2902,2903,3
2903,2904,3
2904,2905,3
2905,2906,3
2906,2907,3
2907,2908,3
2908,2909,3
2909,2910,3
2910,2911,3
2911,2912,3
2912,2913,3
2913,2914,3
2914,2915,3
2915,2916,3
2916,2917,3
2917,2918,3
2918,2919,3
2919,2920,3
2920,2921,3
2921,2922,3
2922,2923,3
2923,2924,3
2924,2925,3
2925,2926,3
2926,2927,3
2927,2928,3
2928,2929,3
2929,2930,3
2930,2931,3
2931,2932,3
2932,2933,3
2933,2934,3
2934,2935,3
2935,2936,3
2936,2937,3
2937,2938,3
2938,2939,3
2939,2940,3
2940,2941,3
2941,2942,3
2942,2943,3
2943,2944,3
2944,2945,3
2945,2946,3
2946,2947,3
2947,2948,3
2948,2949,3
2949,2950,3
2950,2951,3
2951,2952,3
2952,2953,3
2953,2954,3
2954,2955,3
2955,2956,3
2956,2957,3
2957,2958,3
2958,2959,3
2959,2960,3
2960,2961,3
2961,2962,3
2962,2963,3
2963,2964,3
2964,2965,3
2965,2966,3
2966,2967,3
2967,2968,3
2968,2969,3
2969,2970,3
2970,2971,3
2971,2972,3
2972,2973,3
2973,2974,3
2974,2975,3
2975,2976,3
2976,2977,3
2977,2978,3
2978,2979,3
2979,2980,3
2980,2981,3
2981,2982,3
2982,2983,3
2983,2984,3
2984,2985,3
2985,2986,3
2986,2987,3
2987,2988,3
2988,2989,3
2989,2990,3
2990,2991,3
2991,2992,3
2992,2993,3
2993,2994,3
2994,2995,3
2995,2996,3
2996,2997,3
2997,2998,3
2998,2999,3
2999,3000,3
3000,3001,3
3001,3002,3
3002,3003,3
3003,3004,3
3004,3005,3
3005,3006,3
3006,3007,3
3007,3008,3
3008,3009,3
3009,3010,3
3010,3011,3
3011,3012,3
3012,3013,3
3013,3014,3
3014,3015,3
3015,3016,3
3016,3017,3
3017,3018,3
3018,3019,3
3019,3020,3
3020,3021,3
3021,3022,3
3022,3023,3
3023,3024,3
3024,3025,3
3025,3026,3
3026,3027,3
3027,3028,3
3028,3029,3
3029,3030,3
3030,3031,3
3031,3032,3
3032,3033,3
3033,3034,3
3034,3035,3
3035,3036,3
3036,3037,3
3037,3038,3
3038,3039,3
3039,3040,3
3040,3041,3
3041,3042,3
3042,3043,3
3043,3044,3
3044,3045,3
3045,3046,3
3046,3047,3
3047,3048,3
3048,3049,3
3049,3050,3
3050,3051,3
3051,3052,3
3052,3053,3
3053,3054,3
3054,3055,3
3055,3056,3
3056,3057,3
3057,3058,3
3058,3059,3
3059,3060,3
3060,3061,3
3061,3062,3
3062,3063,3
3063,3064,3
3064,3065,3
3065,3066,3
3066,3067,3
3067,3068,3
3068,3069,3
3069,3070,3
3070,3071,3
3071,3072,3
3072,3073,3
3073,3074,3
3074,3075,3
3075,3076,3
3076,3077,3
3077,3078,3
3078,3079,3
3079,3080,3
3080,3081,3
3081,3082,3
3082,3083,3
3083,3084,3
3084,3085,3
3085,3086,3
3086,3087,3
3087,3088,3
3088,3089,3
3089,3090,3
3090,3091,3
3091,3092,3
3092,3093,3
3093,3094,3
3094,3095,3
3095,3096,3
3096,3097,3
3097,3098,3
3098,3099,3
3099,3100,3
3100,3101,3
3101,3102,3
3102,3103,3
3103,3104,3
3104,3105,3
3105,3106,3
3106,3107,3
3107,3108,3
3108,3109,3
3109,3110,3
3110,3111,3
3111,3112,3
3112,3113,3
3113,3114,3
3114,3115,3
3115,3116,3
3116,3117,3
3117,3118,3
3118,3119,3
3119,3120,3
3120,3121,3
3121,3122,3
3122,3123,3
3123,3124,3
3124,3125,3
3125,3126,3
3126,3127,3
3127,3128,3
3128,3129,3
3129,3130,3
3130,3131,3
3131,3132,3
3132,3133,3
3133,3134,3
3134,3135,3
3135,3136,3
3136,3137,3
3137,3138,3
3138,3139,3
3139,3140,3
3140,3141,3
3141,3142,3
3142,3143,3
3143,3144,3
3144,3145,3
3145,3146,3
3146,3147,3
3147,3148,3
3148,3149,3
3149,3150,3
3150,3151,3
3151,3152,3
3152,3153,3
3153,3154,3
3154,3155,3
3155,3156,3
3156,3157,3
3157,3158,3
3158,3159,3
3159,3160,3
3160,3161,3
3161,3162,3
3162,3163,3
3163,3164,3
3164,3165,3
3165,3166,3
3166,3167,3
3167,3168,3
3168,3169,3
3169,3170,3
3170,3171,3
3171,3172,3
3172,3173,3
3173,3174,3
3174,3175,3
3175,3176,3
3176,3177,3
3177,3178,3
3178,3179,3
3179,3180,3
3180,3181,3
3181,3182,3
3182,3183,3
3183,3184,3
3184,3185,3
3185,3186,3
3186,3187,3
3187,3188,3
3188,3189,3
3189,3190,3
3190,3191,3
3191,3192,3
3192,3193,3
3193,3194,3
3194,3195,3
3195,3196,3
3196,3197,3
3197,3198,3
3198,3199,3
3199,3200,3
3200,3201,4
3201,3202,4
3202,3203,4
3203,3204,4
3204,3205,4
3205,3206,4
3206,3207,4
3207,3208,4
3208,3209,4
3209,3210,4
3210,3211,4
3211,3212,4
3212,3213,4
3213,3214,4
3214,3215,4
3215,3216,4
3216,3217,4
3217,3218,4
3218,3219,4
3219,3220,4
3220,3221,4
3221,3222,4
3222,3223,4
3223,3224,4
3224,3225,4
3225,3226,4
3226,3227,4
3227,3228,4
3228,3229,4
3229,3230,4
3230,3231,4
3231,3232,4
3232,3233,4
3233,3234,4
3234,3235,4
3235,3236,4
3236,3237,4
3237,3238,4
3238,3239,4
3239,3240,4
3240,3241,4
3241,3242,4
3242,3243,4
3243,3244,4
3244,3245,4
3245,3246,4
3246,3247,4
3247,3248,4
3248,3249,4
3249,3250,4
3250,3251,4
3251,3252,4
3252,3253,4
3253,3254,4
3254,3255,4
3255,3256,4
3256,3257,4
3257,3258,4
3258,3259,4
3259,3260,4
3260,3261,4
3261,3262,4
3262,3263,4
3263,3264,4
3264,3265,4
3265,3266,4
3266,3267,4
3267,3268,4
3268,3269,4
3269,3270,4
3270,3271,4
3271,3272,4
3272,3273,4
3273,3274,4
3274,3275,4
3275,3276,4
3276,3277,4
3277,3278,4
3278,3279,4
3279,3280,4
3280,3281,4
3281,3282,4
3282,3283,4
3283,3284,4
3284,3285,4
3285,3286,4
3286,3287,4
3287,3288,4
3288,3289,4
3289,3290,4
3290,3291,4
3291,3292,4
3292,3293,4
3293,3294,4
3294,3295,4
3295,3296,4
3296,3297,4
3297,3298,4
3298,3299,4
3299,3300,4
3300,3301,4
3301,3302,4
3302,3303,4
3303,3304,4
3304,3305,4
3305,3306,4
3306,3307,4
3307,3308,4
3308,3309,4
3309,3310,4
3310,3311,4
3311,3312,4
3312,3313,4
3313,3314,4
3314,3315,4
3315,3316,4
3316,3317,4
3317,3318,4
3318,3319,4
3319,3320,4
3320,3321,4
3321,3322,4
3322,3323,4
3323,3324,4
3324,3325,4
3325,3326,4
3326,3327,4
3327,3328,4
3328,3329,4
3329,3330,4
3330,3331,4
3331,3332,4
3332,3333,4
3333,3334,4
3334,3335,4
3335,3336,4
3336,3337,4
3337,3338,4
3338,3339,4
3339,3340,4
3340,3341,4
3341,3342,4
3342,3343,4
3343,3344,4
3344,3345,4
3345,3346,4
3346,3347,4
3347,3348,4
3348,3349,4
3349,3350,4
3350,3351,4
3351,3352,4
3352,3353,4
3353,3354,4
3354,3355,4
3355,3356,4
3356,3357,4
3357,3358,4
3358,3359,4
3359,3360,4
3360,3361,4
3361,3362,4
3362,3363,4
3363,3364,4
3364,3365,4
3365,3366,4
3366,3367,4
3367,3368,4
3368,3369,4
3369,3370,4
3370,3371,4
3371,3372,4
3372,3373,4
3373,3374,4
3374,3375,4
3375,3376,4
3376,3377,4
3377,3378,4
3378,3379,4
3379,3380,4
3380,3381,4
3381,3382,4
3382,3383,4
3383,3384,4
3384,3385,4
3385,3386,4
3386,3387,4
3387,3388,4
3388,3389,4
3389,3390,4
3390,3391,4
3391,3392,4
3392,3393,4
3393,3394,4
3394,3395,4
3395,3396,4
3396,3397,4
3397,3398,4
3398,3399,4
3399,3400,4
3400,3401,4
3401,3402,4
3402,3403,4
3403,3404,4
3404,3405,4
3405,3406,4
3406,3407,4
3407,3408,4
3408,3409,4
3409,3410,4
3410,3411,4
3411,3412,4
3412,3413,4
3413,3414,4
3414,3415,4
3415,3416,4
3416,3417,4
3417,3418,4
3418,3419,4
3419,3420,4
3420,3421,4
3421,3422,4
3422,3423,4
3423,3424,4
3424,3425,4
3425,3426,4
3426,3427,4
3427,3428,4
3428,3429,4
3429,3430,4
3430,3431,4
3431,3432,4
3432,3433,4
3433,3434,4
3434,3435,4
3435,3436,4
3436,3437,4
3437,3438,4
3438,3439,4
3439,3440,4
3440,3441,4
3441,3442,4
3442,3443,4
3443,3444,4
3444,3445,4
3445,3446,4
3446,3447,4
3447,3448,4
3448,3449,4
3449,3450,4
3450,3451,4
3451,3452,4
3452,3453,4
3453,3454,4
3454,3455,4
3455,3456,4
3456,3457,4
3457,3458,4
3458,3459,4
3459,3460,4
3460,3461,4
3461,3462,4
3462,3463,4
3463,3464,4
3464,3465,4
3465,3466,4
3466,3467,4
3467,3468,4
3468,3469,4
3469,3470,4
3470,3471,4
3471,3472,4
3472,3473,4
3473,3474,4
3474,3475,4
3475,3476,4
3476,3477,4
3477,3478,4
3478,3479,4
3479,3480,4
3480,3481,4
3481,3482,4
3482,3483,4
3483,3484,4
3484,3485,4
3485,3486,4
3486,3487,4
3487,3488,4
3488,3489,4
3489,3490,4
3490,3491,4
3491,3492,4
3492,3493,4
3493,3494,4
3494,3495,4
3495,3496,4
3496,3497,4
3497,3498,4
3498,3499,4
3499,3500,4
3500,3501,4
3501,3502,4
3502,3503,4
3503,3504,4
3504,3505,4
3505,3506,4
3506,3507,4
3507,3508,4
3508,3509,4
3509,3510,4
3510,3511,4
3511,3512,4
3512,3513,4
3513,3514,4
3514,3515,4
3515,3516,4
3516,3517,4
3517,3518,4
3518,3519,4
3519,3520,4
3520,3521,4
3521,3522,4
3522,3523,4
3523,3524,4
3524,3525,4
3525,3526,4
3526,3527,4
3527,3528,4
3528,3529,4
3529,3530,4
3530,3531,4
3531,3532,4
3532,3533,4
3533,3534,4
3534,3535,4
3535,3536,4
3536,3537,4
3537,3538,4
3538,3539,4
3539,3540,4
3540,3541,4
3541,3542,4
3542,3543,4
3543,3544,4
3544,3545,4
3545,3546,4
3546,3547,4
3547,3548,4
3548,3549,4
3549,3550,4
3550,3551,4
3551,3552,4
3552,3553,4
3553,3554,4
3554,3555,4
3555,3556,4
3556,3557,4
3557,3558,4
3558,3559,4
3559,3560,4
3560,3561,4
3561,3562,4
3562,3563,4
3563,3564,4
3564,3565,4
3565,3566,4
3566,3567,4
3567,3568,4
3568,3569,4
3569,3570,4
3570,3571,4
3571,3572,4
3572,3573,4
3573,3574,4
3574,3575,4
3575,3576,4
3576,3577,4
3577,3578,4
3578,3579,4
3579,3580,4
3580,3581,4
3581,3582,4
3582,3583,4
3583,3584,4
3584,3585,4
3585,3586,4
3586,3587,4
3587,3588,4
3588,3589,4
3589,3590,4
3590,3591,4
3591,3592,4
3592,3593,4
3593,3594,4
3594,3595,4
3595,3596,4
3596,3597,4
3597,3598,4
3598,3599,4
3599,3600,4
3600,3601,4
3601,3602,4
3602,3603,4
3603,3604,4
3604,3605,4
3605,3606,4
3606,3607,4
3607,3608,4
3608,3609,4
3609,3610,4
3610,3611,4
3611,3612,4
3612,3613,4
3613,3614,4
3614,3615,4
3615,3616,4
3616,3617,4
3617,3618,4
3618,3619,4
3619,3620,4
3620,3621,4
3621,3622,4
3622,3623,4
3623,3624,4
3624,3625,4
3625,3626,4
3626,3627,4
3627,3628,4
3628,3629,4
3629,3630,4
3630,3631,4
3631,3632,4
3632,3633,4
3633,3634,4
3634,3635,4
3635,3636,4
3636,3637,4
3637,3638,4
3638,3639,4
3639,3640,4
3640,3641,4
3641,3642,4
3642,3643,4
3643,3644,4
3644,3645,4
3645,3646,4
3646,3647,4
3647,3648,4
3648,3649,4
3649,3650,4
3650,3651,4
3651,3652,4
3652,3653,4
3653,3654,4
3654,3655,4
3655,3656,4
3656,3657,4
3657,3658,4
3658,3659,4
3659,3660,4
3660,3661,4
3661,3662,4
3662,3663,4
3663,3664,4
3664,3665,4
3665,3666,4
3666,3667,4
3667,3668,4
3668,3669,4
3669,3670,4
3670,3671,4
3671,3672,4
3672,3673,4
3673,3674,4
3674,3675,4
3675,3676,4
3676,3677,4
3677,3678,4
3678,3679,4
3679,3680,4
3680,3681,4
3681,3682,4
3682,3683,4
3683,3684,4
3684,3685,4
3685,3686,4
3686,3687,4
3687,3688,4
3688,3689,4
3689,3690,4
3690,3691,4
3691,3692,4
3692,3693,4
3693,3694,4
3694,3695,4
3695,3696,4
3696,3697,4
3697,3698,4
3698,3699,4
3699,3700,4
3700,3701,4
3701,3702,4
3702,3703,4
3703,3704,4
3704,3705,4
3705,3706,4
3706,3707,4
3707,3708,4
3708,3709,4
3709,3710,4
3710,3711,4
3711,3712,4
3712,3713,4
3713,3714,4
3714,3715,4
3715,3716,4
3716,3717,4
3717,3718,4
3718,3719,4
3719,3720,4
3720,3721,4
3721,3722,4
3722,3723,4
3723,3724,4
3724,3725,4
3725,3726,4
3726,3727,4
3727,3728,4
3728,3729,4
3729,3730,4
3730,3731,4
3731,3732,4
3732,3733,4
3733,3734,4
3734,3735,4
3735,3736,4
3736,3737,4
3737,3738,4
3738,3739,4
3739,3740,4
3740,3741,4
3741,3742,4
3742,3743,4
3743,3744,4
3744,3745,4
3745,3746,4
3746,3747,4
3747,3748,4
3748,3749,4
3749,3750,4
3750,3751,4
3751,3752,4
3752,3753,4
3753,3754,4
3754,3755,4
3755,3756,4
3756,3757,4
3757,3758,4
3758,3759,4
3759,3760,4
3760,3761,4
3761,3762,4
3762,3763,4
3763,3764,4
3764,3765,4
3765,3766,4
3766,3767,4
3767,3768,4
3768,3769,4
3769,3770,4
3770,3771,4
3771,3772,4
3772,3773,4
3773,3774,4
3774,3775,4
3775,3776,4
3776,3777,4
3777,3778,4
3778,3779,4
3779,3780,4
3780,3781,4
3781,3782,4
3782,3783,4
3783,3784,4
3784,3785,4
3785,3786,4
3786,3787,4
3787,3788,4
3788,3789,4
3789,3790,4
3790,3791,4
3791,3792,4
3792,3793,4
3793,3794,4
3794,3795,4
3795,3796,4
3796,3797,4
3797,3798,4
3798,3799,4
3799,3800,4
3800,3801,4
3801,3802,4
3802,3803,4
3803,3804,4
3804,3805,4
3805,3806,4
3806,3807,4
3807,3808,4
3808,3809,4
3809,3810,4
3810,3811,4
3811,3812,4
3812,3813,4
3813,3814,4
3814,3815,4
3815,3816,4
3816,3817,4
3817,3818,4
3818,3819,4
3819,3820,4
3820,3821,4
3821,3822,4
3822,3823,4
3823,3824,4
3824,3825,4
3825,3826,4
3826,3827,4
3827,3828,4
3828,3829,4
3829,3830,4
3830,3831,4
3831,3832,4
3832,3833,4
3833,3834,4
3834,3835,4
3835,3836,4
3836,3837,4
3837,3838,4
3838,3839,4
3839,3840,4
3840,3841,4
3841,3842,4
3842,3843,4
3843,3844,4
3844,3845,4
3845,3846,4
3846,3847,4
3847,3848,4
3848,3849,4
3849,3850,4
3850,3851,4
3851,3852,4
3852,3853,4
3853,3854,4
3854,3855,4
3855,3856,4
3856,3857,4
3857,3858,4
3858,3859,4
3859,3860,4
3860,3861,4
3861,3862,4
3862,3863,4
3863,3864,4
3864,3865,4
3865,3866,4
3866,3867,4
3867,3868,4
3868,3869,4
3869,3870,4
3870,3871,4
3871,3872,4
3872,3873,4
3873,3874,4
3874,3875,4
3875,3876,4
3876,3877,4
3877,3878,4
3878,3879,4
3879,3880,4
3880,3881,4
3881,3882,4
3882,3883,4
3883,3884,4
3884,3885,4
3885,3886,4
3886,3887,4
3887,3888,4
3888,3889,4
3889,3890,4
3890,3891,4
3891,3892,4
3892,3893,4
3893,3894,4
3894,3895,4
3895,3896,4
3896,3897,4
3897,3898,4
3898,3899,4
3899,3900,4
3900,3901,4
3901,3902,4
3902,3903,4
3903,3904,4
3904,3905,4
3905,3906,4
3906,3907,4
3907,3908,4
3908,3909,4
3909,3910,4
3910,3911,4
3911,3912,4
3912,3913,4
3913,3914,4
3914,3915,4
3915,3916,4
3916,3917,4
3917,3918,4
3918,3919,4
3919,3920,4
3920,3921,4
3921,3922,4
3922,3923,4
3923,3924,4
3924,3925,4
3925,3926,4
3926,3927,4
3927,3928,4
3928,3929,4
3929,3930,4
3930,3931,4
3931,3932,4
3932,3933,4
3933,3934,4
3934,3935,4
3935,3936,4
3936,3937,4
3937,3938,4
3938,3939,4
3939,3940,4
3940,3941,4
3941,3942,4
3942,3943,4
3943,3944,4
3944,3945,4
3945,3946,4
3946,3947,4
3947,3948,4
3948,3949,4
3949,3950,4
3950,3951,4
3951,3952,4
3952,3953,4
3953,3954,4
3954,3955,4
3955,3956,4
3956,3957,4
3957,3958,4
3958,3959,4
3959,3960,4
3960,3961,4
3961,3962,4
3962,3963,4
3963,3964,4
3964,3965,4
3965,3966,4
3966,3967,4
3967,3968,4
3968,3969,4
3969,3970,4
3970,3971,4
3971,3972,4
3972,3973,4
3973,3974,4
3974,3975,4
3975,3976,4
3976,3977,4
3977,3978,4
3978,3979,4
3979,3980,4
3980,3981,4
3981,3982,4
3982,3983,4
3983,3984,4
3984,3985,4
3985,3986,4
3986,3987,4
3987,3988,4
3988,3989,4
3989,3990,4
3990,3991,4
3991,3992,4
3992,3993,4
3993,3994,4
3994,3995,4
3995,3996,4
3996,3997,4
3997,3998,4
3998,3999,4
3999,4000,4
